genus,family
Abeillia,Trochilidae
Abroscopus,Cettiidae
Aburria,Cracidae
Acanthagenys,Meliphagidae
Acanthidops,Thraupidae
Acanthisitta,Acanthisittidae
Acanthiza,Acanthizidae
Acanthorhynchus,Meliphagidae
Acanthornis,Acanthizidae
Accipiter,Accipitridae
Aceros,Bucerotidae
Achaetops,Macrosphenidae
Acridotheres,Sturnidae
Acrobatornis,Furnariidae
Acrocephalus,Acrocephalidae
Acropternis,Rhinocryptidae
Acryllium,Numididae
Actenoides,Alcedinidae
Actinodura,Leiothrichidae
Actitis,Scolopacidae
Actophilornis,Jacanidae
Adelomyia,Trochilidae
Aechmophorus,Podicipedidae
Aegithalos,Aegithalidae
Aegithina,Aegithinidae
Aegolius,Strigidae
Aegotheles,Aegothelidae
Aegypius,Accipitridae
Aenigmatolimnas,Rallidae
Aepypodius,Megapodiidae
Aeronautes,Apodidae
Aethia,Alcidae
Aethopyga,Nectariniidae
Afropavo,Phasianidae
Agamia,Ardeidae
Agapornis,Psittacidae
Agelaioides,Icteridae
Agelaius,Icteridae
Agelastes,Numididae
Agelasticus,Icteridae
Aglaeactis,Trochilidae
Aglaiocercus,Trochilidae
Agriornis,Tyrannidae
Ailuroedus,Ptilonorhynchidae
Aimophila,Emberizidae
Aix,Anatidae
Alaemon,Alaudidae
Alauda,Alaudidae
Alca,Alcidae
Alcedo,Alcedinidae
Alcippe,Pellorneidae
Aleadryas,Oreoicidae
Alectoris,Phasianidae
Alectroenas,Columbidae
Alectrurus,Tyrannidae
Alectura,Megapodiidae
Alethe,Turdidae
Alipiopsitta,Psittacidae
Alisterus,Psittacidae
Alle,Alcidae
Alophoixus,Pycnonotidae
Alopochelidon,Hirundinidae
Alopochen,Anatidae
Amadina,Estrildidae
Amalocichla,Petroicidae
Amandava,Estrildidae
Amaurocichla,Motacillidae
Amaurolimnas,Rallidae
Amaurornis,Rallidae
Amaurospiza,Cardinalidae
Amazilia,Trochilidae
Amazona,Psittacidae
Amazonetta,Anatidae
Amblycercus,Icteridae
Amblyornis,Ptilonorhynchidae
Amblyospiza,Ploceidae
Amblyramphus,Icteridae
Ammodramus,Emberizidae
Ammomanes,Alaudidae
Ammoperdix,Phasianidae
Ampeliceps,Sturnidae
Ampelioides,Cotingidae
Ampelion,Cotingidae
Amphilais,Locustellidae
Amphispiza,Emberizidae
Amytornis,Maluridae
Anabacerthia,Furnariidae
Anabazenops,Furnariidae
Anairetes,Tyrannidae
Anaplectes,Ploceidae
Anarhynchus,Charadriidae
Anas,Anatidae
Anastomus,Ciconiidae
Ancistrops,Furnariidae
Andigena,Ramphastidae
Androdon,Trochilidae
Andropadus,Pycnonotidae
Androphobus,Psophodidae
Anhima,Anhimidae
Anhinga,Anhingidae
Anisognathus,Thraupidae
Anodorhynchus,Psittacidae
Anomalospiza,Viduidae
Anopetia,Trochilidae
Anorrhinus,Bucerotidae
Anous,Laridae
Anser,Anatidae
Anseranas,Anseranatidae
Anthocephala,Trochilidae
Anthochaera,Meliphagidae
Anthornis,Meliphagidae
Anthoscopus,Remizidae
Anthracoceros,Bucerotidae
Anthracothorax,Trochilidae
Anthreptes,Nectariniidae
Anthus,Motacillidae
Antilophia,Pipridae
Anumbius,Furnariidae
Anurolimnas,Rallidae
Anurophasis,Phasianidae
Apalharpactes,Trogonidae
Apalis,Cisticolidae
Apaloderma,Trogonidae
Apalopteron,Zosteropidae
Aphanotriccus,Tyrannidae
Aphantochroa,Trochilidae
Aphelocephala,Acanthizidae
Aphelocoma,Corvidae
Aphrastura,Furnariidae
Aphriza,Scolopacidae
Aplonis,Sturnidae
Aplopelia,Columbidae
Aprosmictus,Psittacidae
Aptenodytes,Spheniscidae
Apteryx,Apterygidae
Apus,Apodidae
Aquila,Accipitridae
Ara,Psittacidae
Arachnothera,Nectariniidae
Aramides,Rallidae
Aramidopsis,Rallidae
Aramus,Aramidae
Aratinga,Psittacidae
Arborophila,Phasianidae
Archboldia,Ptilonorhynchidae
Archilochus,Trochilidae
Ardea,Ardeidae
Ardeola,Ardeidae
Ardeotis,Otididae
Arenaria,Scolopacidae
Argusianus,Phasianidae
Arremon,Emberizidae
Arremonops,Emberizidae
Arses,Monarchidae
Artamella,Vangidae
Artamus,Artamidae
Artisornis,Cisticolidae
Arundinicola,Tyrannidae
Ashbyia,Meliphagidae
Asio,Strigidae
Aspatha,Momotidae
Asthenes,Furnariidae
Astrapia,Paradisaeidae
Atalotriccus,Tyrannidae
Atelornis,Brachypteraciidae
Athene,Strigidae
Atlantisia,Rallidae
Atlapetes,Emberizidae
Atrichornis,Atrichornithidae
Attagis,Thinocoridae
Atthis,Trochilidae
Atticora,Hirundinidae
Attila,Tyrannidae
Augastes,Trochilidae
Aulacorhynchus,Ramphastidae
Auriparus,Remizidae
Automolus,Furnariidae
Aviceda,Accipitridae
Avocettula,Trochilidae
Aythya,Anatidae
Babax,Leiothrichidae
Baeolophus,Paridae
Baeopogon,Pycnonotidae
Balaeniceps,Balaenicipitidae
Balearica,Gruidae
Bambusicola,Phasianidae
Bangsia,Thraupidae
Barnardius,Psittacidae
Bartramia,Scolopacidae
Baryphthengus,Momotidae
Basileuterus,Parulidae
Basilornis,Sturnidae
Batara,Thamnophilidae
Bathmocercus,Cisticolidae
Batis,Platysteiridae
Batrachostomus,Podargidae
Berlepschia,Furnariidae
Bernieria,Bernieridae
Bias,Platysteiridae
Biatas,Thamnophilidae
Biziura,Anatidae
Bleda,Pycnonotidae
Blythipicus,Picidae
Boissonneaua,Trochilidae
Bolbopsittacus,Psittacidae
Bolborhynchus,Psittacidae
Bombycilla,Bombycillidae
Bonasa,Phasianidae
Bostrychia,Threskiornithidae
Botaurus,Ardeidae
Bowdleria,Locustellidae
Brachycope,Ploceidae
Brachygalba,Galbulidae
Brachypteracias,Brachypteraciidae
Brachypteryx,Muscicapidae
Brachyramphus,Alcidae
Bradornis,Muscicapidae
Bradypterus,Locustellidae
Branta,Anatidae
Brotogeris,Psittacidae
Bubalornis,Ploceidae
Bubo,Strigidae
Bubulcus,Ardeidae
Bucanetes,Fringillidae
Buccanodon,Lybiidae
Bucco,Bucconidae
Bucephala,Anatidae
Buceros,Bucerotidae
Bucorvus,Bucorvidae
Buettikoferella,Locustellidae
Bulweria,Procellariidae
Buphagus,Buphagidae
Burhinus,Burhinidae
Busarellus,Accipitridae
Butastur,Accipitridae
Buteo,Accipitridae
Buteogallus,Accipitridae
Buthraupis,Thraupidae
Butorides,Ardeidae
Bycanistes,Bucerotidae
Cacatua,Psittacidae
Cacicus,Icteridae
Cacomantis,Cuculidae
Cairina,Anatidae
Calamanthus,Acanthizidae
Calamospiza,Emberizidae
Calandrella,Alaudidae
Calcarius,Calcariidae
Calicalicus,Vangidae
Calidris,Scolopacidae
Caliechthrus,Cuculidae
Callacanthis,Fringillidae
Callaeas,Callaeatidae
Callipepla,Odontophoridae
Calliphlox,Trochilidae
Callocephalon,Psittacidae
Callonetta,Anatidae
Calochaetes,Thraupidae
Calocitta,Corvidae
Caloenas,Columbidae
Calonectris,Procellariidae
Caloperdix,Phasianidae
Calorhamphus,Megalaimidae
Calothorax,Trochilidae
Calypte,Trochilidae
Calyptocichla,Pycnonotidae
Calyptomena,Eurylaimidae
Calyptophilus,Thraupidae
Calyptorhynchus,Psittacidae
Calyptura,Cotingidae
Camarhynchus,Thraupidae
Camaroptera,Cisticolidae
Campephaga,Campephagidae
Campephilus,Picidae
Campethera,Picidae
Campochaera,Campephagidae
Camptostoma,Tyrannidae
Campylopterus,Trochilidae
Campylorhamphus,Furnariidae
Campylorhynchus,Troglodytidae
Canirallus,Rallidae
Capito,Capitonidae
Caprimulgus,Caprimulgidae
Capsiempis,Tyrannidae
Caracara,Falconidae
Cardellina,Parulidae
Cardinalis,Cardinalidae
Carduelis,Fringillidae
Cariama,Cariamidae
Caridonax,Alcedinidae
Carpococcyx,Cuculidae
Carpodacus,Fringillidae
Carpodectes,Cotingidae
Carpornis,Cotingidae
Caryothraustes,Cardinalidae
Casiornis,Tyrannidae
Casmerodius,Ardeidae
Casuarius,Casuariidae
Catamblyrhynchus,Thraupidae
Catamenia,Thraupidae
Cataponera,Turdidae
Catharacta,Stercorariidae
Catharopeza,Parulidae
Cathartes,Cathartidae
Catharus,Turdidae
Catherpes,Troglodytidae
Catoptrophorus,Scolopacidae
Catreus,Phasianidae
Celeus,Picidae
Centrocercus,Phasianidae
Centropus,Cuculidae
Cephalopterus,Cotingidae
Cephalopyrus,Remizidae
Cepphus,Alcidae
Ceratogymna,Bucerotidae
Cercibis,Threskiornithidae
Cercococcyx,Cuculidae
Cercomacra,Thamnophilidae
Cercomela,Muscicapidae
Cercotrichas,Muscicapidae
Cereopsis,Anatidae
Cerorhinca,Alcidae
Certhia,Certhiidae
Certhiaxis,Furnariidae
Certhidea,Thraupidae
Certhilauda,Alaudidae
Certhionyx,Meliphagidae
Ceryle,Alcedinidae
Cettia,Cettiidae
Ceuthmochares,Cuculidae
Ceyx,Alcedinidae
Chaetocercus,Trochilidae
Chaetops,Chaetopidae
Chaetorhynchus,Dicruridae
Chaetornis,Locustellidae
Chaetura,Apodidae
Chaimarrornis,Muscicapidae
Chalcophaps,Columbidae
Chalcopsitta,Psittacidae
Chalcostigma,Trochilidae
Chalybura,Trochilidae
Chamaea,Sylviidae
Chamaepetes,Cracidae
Chamaeza,Formicariidae
Charadrius,Charadriidae
Charitospiza,Thraupidae
Charmosyna,Psittacidae
Chasiempis,Monarchidae
Chauna,Anhimidae
Chelictinia,Accipitridae
Chelidoptera,Bucconidae
Chelidorhynx,Stenostiridae
Chen,Anatidae
Chenonetta,Anatidae
Cheramoeca,Hirundinidae
Chersomanes,Alaudidae
Chersophilus,Alaudidae
Chionis,Chionidae
Chiroxiphia,Pipridae
Chlamydera,Ptilonorhynchidae
Chlamydochaera,Turdidae
Chlamydotis,Otididae
Chlidonias,Laridae
Chloephaga,Anatidae
Chlorestes,Trochilidae
Chloroceryle,Alcedinidae
Chlorocharis,Zosteropidae
Chlorochrysa,Thraupidae
Chlorocichla,Pycnonotidae
Chloropeta,Acrocephalidae
Chlorophanes,Thraupidae
Chlorophonia,Fringillidae
Chloropsis,Chloropseidae
Chlorornis,Thraupidae
Chlorospingus,Emberizidae
Chlorostilbon,Trochilidae
Chlorothraupis,Cardinalidae
Chondestes,Emberizidae
Chondrohierax,Accipitridae
Chordeiles,Caprimulgidae
Chrysococcyx,Cuculidae
Chrysocolaptes,Picidae
Chrysolampis,Trochilidae
Chrysolophus,Phasianidae
Chrysomma,Sylviidae
Chrysomus,Icteridae
Chrysothlypis,Thraupidae
Chrysuronia,Trochilidae
Chthonicola,Acanthizidae
Chunga,Cariamidae
Cichladusa,Muscicapidae
Cichlocolaptes,Furnariidae
Cichlopsis,Turdidae
Cicinnurus,Paradisaeidae
Ciconia,Ciconiidae
Cinclidium,Muscicapidae
Cinclocerthia,Mimidae
Cinclodes,Furnariidae
Cincloramphus,Locustellidae
Cinclosoma,Psophodidae
Cinclus,Cinclidae
Cinnycerthia,Troglodytidae
Cinnyricinclus,Sturnidae
Circaetus,Accipitridae
Circus,Accipitridae
Cissa,Corvidae
Cissopis,Thraupidae
Cisticola,Cisticolidae
Cistothorus,Troglodytidae
Cittura,Alcedinidae
Cladorhynchus,Recurvirostridae
Clamator,Cuculidae
Clangula,Anatidae
Claravis,Columbidae
Cleptornis,Zosteropidae
Clibanornis,Furnariidae
Climacteris,Climacteridae
Clypicterus,Icteridae
Clytoceyx,Alcedinidae
Clytoctantes,Thamnophilidae
Clytolaema,Trochilidae
Clytomyias,Maluridae
Clytorhynchus,Monarchidae
Clytospiza,Estrildidae
Cnemarchus,Tyrannidae
Cnemophilus,Cnemophilidae
Cnemoscopus,Thraupidae
Cnemotriccus,Tyrannidae
Cnipodectes,Tyrannidae
Coccothraustes,Fringillidae
Coccycolius,Sturnidae
Coccycua,Cuculidae
Coccyzus,Cuculidae
Cochlearius,Ardeidae
Cochoa,Turdidae
Coeligena,Trochilidae
Coenocorypha,Scolopacidae
Coereba,Coerebidae
Colaptes,Picidae
Colibri,Trochilidae
Colinus,Odontophoridae
Colius,Coliidae
Collocalia,Apodidae
Colluricincla,Pachycephalidae
Colonia,Tyrannidae
Colorhamphus,Tyrannidae
Columba,Columbidae
Columbina,Columbidae
Compsospiza,Thraupidae
Compsothraupis,Thraupidae
Conioptilon,Cotingidae
Conirostrum,Thraupidae
Conopias,Tyrannidae
Conopophaga,Conopophagidae
Conopophila,Meliphagidae
Conostoma,Sylviidae
Conothraupis,Thraupidae
Contopus,Tyrannidae
Copsychus,Muscicapidae
Coracias,Coraciidae
Coracina,Campephagidae
Coracopsis,Psittacidae
Coracornis,Pachycephalidae
Coragyps,Cathartidae
Corapipo,Pipridae
Corcorax,Corcoracidae
Cormobates,Climacteridae
Corvinella,Laniidae
Corvus,Corvidae
Corydon,Eurylaimidae
Coryphaspiza,Thraupidae
Coryphistera,Furnariidae
Coryphospingus,Thraupidae
Corythaeola,Musophagidae
Corythaixoides,Musophagidae
Corythopis,Tyrannidae
Coscoroba,Anatidae
Cosmopsarus,Sturnidae
Cossypha,Muscicapidae
Cossyphicula,Muscicapidae
Cotinga,Cotingidae
Coturnicops,Rallidae
Coturnix,Phasianidae
Coua,Cuculidae
Cracticus,Cracticidae
Cranioleuca,Furnariidae
Crateroscelis,Acanthizidae
Crax,Cracidae
Creagrus,Laridae
Creatophora,Sturnidae
Crecopsis,Rallidae
Creurgops,Thraupidae
Crex,Rallidae
Crinifer,Musophagidae
Criniger,Pycnonotidae
Crocias,Leiothrichidae
Crossleyia,Bernieridae
Crossoptilon,Phasianidae
Crotophaga,Cuculidae
Crypsirina,Corvidae
Cryptophaps,Columbidae
Cryptospiza,Estrildidae
Cryptosylvicola,Bernieridae
Crypturellus,Tinamidae
Cuculus,Cuculidae
Culicicapa,Stenostiridae
Culicivora,Tyrannidae
Curaeus,Icteridae
Cursorius,Glareolidae
Cutia,Leiothrichidae
Cyanerpes,Thraupidae
Cyanicterus,Thraupidae
Cyanochen,Anatidae
Cyanocitta,Corvidae
Cyanocompsa,Cardinalidae
Cyanocorax,Corvidae
Cyanolanius,Vangidae
Cyanolimnas,Rallidae
Cyanoliseus,Psittacidae
Cyanoloxia,Cardinalidae
Cyanolyca,Corvidae
Cyanophaia,Trochilidae
Cyanopica,Corvidae
Cyanopsitta,Psittacidae
Cyanoptila,Muscicapidae
Cyanoramphus,Psittacidae
Cyclarhis,Vireonidae
Cyclopsitta,Psittacidae
Cygnus,Anatidae
Cymbilaimus,Thamnophilidae
Cymbirhynchus,Eurylaimidae
Cynanthus,Trochilidae
Cyornis,Muscicapidae
Cyphorhinus,Troglodytidae
Cypseloides,Apodidae
Cypsiurus,Apodidae
Cypsnagra,Thraupidae
Cyrtonyx,Odontophoridae
Dacelo,Alcedinidae
Dacnis,Thraupidae
Dactylortyx,Odontophoridae
Damophila,Trochilidae
Daphoenositta,Neosittidae
Daption,Procellariidae
Daptrius,Falconidae
Dasycrotapha,Zosteropidae
Dasyornis,Dasyornithidae
Deconychura,Furnariidae
Delichon,Hirundinidae
Delothraupis,Thraupidae
Deltarhynchus,Tyrannidae
Dendragapus,Phasianidae
Dendrexetastes,Furnariidae
Dendrocincla,Furnariidae
Dendrocitta,Corvidae
Dendrocolaptes,Furnariidae
Dendrocopos,Picidae
Dendrocygna,Anatidae
Dendroica,Parulidae
Dendronanthus,Motacillidae
Dendropicos,Picidae
Dendroplex,Furnariidae
Dendrortyx,Odontophoridae
Deroptyus,Psittacidae
Dicaeum,Dicaeidae
Dichrozona,Thamnophilidae
Dicrurus,Dicruridae
Didunculus,Columbidae
Diglossa,Thraupidae
Dinemellia,Ploceidae
Dinopium,Picidae
Diomedea,Diomedeidae
Diopsittaca,Psittacidae
Dioptrornis,Muscicapidae
Discosura,Trochilidae
Diuca,Thraupidae
Dives,Icteridae
Dolichonyx,Icteridae
Doliornis,Cotingidae
Dolospingus,Thraupidae
Donacobius,Donacobiidae
Donacospiza,Thraupidae
Doricha,Trochilidae
Doryfera,Trochilidae
Drepanoptila,Columbidae
Dromaeocercus,Locustellidae
Dromaius,Dromaiidae
Dromas,Dromadidae
Dromococcyx,Cuculidae
Drymocichla,Cisticolidae
Drymodes,Petroicidae
Drymophila,Thamnophilidae
Drymornis,Furnariidae
Dryocopus,Picidae
Dryolimnas,Rallidae
Dryoscopus,Malaconotidae
Dryotriorchis,Accipitridae
Dubusia,Thraupidae
Ducula,Columbidae
Dulus,Dulidae
Dumetella,Mimidae
Dumetia,Timaliidae
Dysithamnus,Thamnophilidae
Eclectus,Psittacidae
Egretta,Ardeidae
Elaenia,Tyrannidae
Elanoides,Accipitridae
Elanus,Accipitridae
Electron,Momotidae
Eleoscytalopus,Rhinocryptidae
Eleothreptus,Caprimulgidae
Elminia,Stenostiridae
Elseyornis,Charadriidae
Elvira,Trochilidae
Emberiza,Emberizidae
Emberizoides,Thraupidae
Embernagra,Thraupidae
Emblema,Estrildidae
Eminia,Cisticolidae
Empidonax,Tyrannidae
Empidonomus,Tyrannidae
Empidornis,Muscicapidae
Enicognathus,Psittacidae
Enicurus,Muscicapidae
Enodes,Sturnidae
Ensifera,Trochilidae
Entomodestes,Turdidae
Entomyzon,Meliphagidae
Eophona,Fringillidae
Eopsaltria,Petroicidae
Eos,Psittacidae
Ephippiorhynchus,Ciconiidae
Epimachus,Paradisaeidae
Epinecrophylla,Thamnophilidae
Epthianura,Meliphagidae
Eremalauda,Alaudidae
Eremiornis,Locustellidae
Eremomela,Cisticolidae
Eremophila,Alaudidae
Eremopsaltria,Fringillidae
Eremopterix,Alaudidae
Ergaticus,Parulidae
Eriocnemis,Trochilidae
Erithacus,Muscicapidae
Erpornis,Vireonidae
Erythrocercus,Erythrocercidae
Erythrogonys,Charadriidae
Erythropygia,Muscicapidae
Erythrotriorchis,Accipitridae
Erythrura,Estrildidae
Esacus,Burhinidae
Estrilda,Estrildidae
Eubucco,Capitonidae
Eucometis,Thraupidae
Eudocimus,Threskiornithidae
Eudromia,Tinamidae
Eudromias,Charadriidae
Eudynamys,Cuculidae
Eudyptes,Spheniscidae
Eudyptula,Spheniscidae
Eugenes,Trochilidae
Eugerygone,Petroicidae
Eugralla,Rhinocryptidae
Eulabeornis,Rallidae
Eulacestoma,Neosittidae
Eulampis,Trochilidae
Eulidia,Trochilidae
Eulipoa,Megapodiidae
Eumomota,Momotidae
Eumyias,Muscicapidae
Euneornis,Thraupidae
Eunymphicus,Psittacidae
Eupetes,Eupetidae
Eupetomena,Trochilidae
Euphagus,Icteridae
Eupherusa,Trochilidae
Euphonia,Fringillidae
Euplectes,Ploceidae
Eupodotis,Otididae
Euptilotis,Trogonidae
Eurocephalus,Laniidae
Eurochelidon,Hirundinidae
Eurostopodus,Caprimulgidae
Euryceros,Vangidae
Eurylaimus,Eurylaimidae
Eurynorhynchus,Scolopacidae
Euryptila,Cisticolidae
Eurypyga,Eurypygidae
Eurystomus,Coraciidae
Euscarthmus,Tyrannidae
Euschistospiza,Estrildidae
Euthlypis,Parulidae
Eutoxeres,Trochilidae
Eutrichomyias,Monarchidae
Eutriorchis,Accipitridae
Falco,Falconidae
Falculea,Vangidae
Falcunculus,Pachycephalidae
Ferminia,Troglodytidae
Ficedula,Muscicapidae
Florisuga,Trochilidae
Fluvicola,Tyrannidae
Formicarius,Formicariidae
Formicivora,Thamnophilidae
Forpus,Psittacidae
Foudia,Ploceidae
Foulehaio,Meliphagidae
Francolinus,Phasianidae
Fraseria,Muscicapidae
Fratercula,Alcidae
Frederickena,Thamnophilidae
Fregata,Fregatidae
Fregetta,Hydrobatidae
Fringilla,Fringillidae
Fulica,Rallidae
Fulmarus,Procellariidae
Furnarius,Furnariidae
Galbalcyrhynchus,Galbulidae
Galbula,Galbulidae
Galerida,Alaudidae
Gallicolumba,Columbidae
Gallicrex,Rallidae
Gallinago,Scolopacidae
Gallinula,Rallidae
Gallirallus,Rallidae
Galloperdix,Phasianidae
Gallus,Phasianidae
Gampsonyx,Accipitridae
Gampsorhynchus,Pellorneidae
Garrodia,Hydrobatidae
Garrulax,Leiothrichidae
Garrulus,Corvidae
Gavia,Gaviidae
Gecinulus,Picidae
Geococcyx,Cuculidae
Geocolaptes,Picidae
Geoffroyus,Psittacidae
Geomalia,Turdidae
Geopelia,Columbidae
Geophaps,Columbidae
Geositta,Furnariidae
Geospiza,Thraupidae
Geothlypis,Parulidae
Geotrygon,Columbidae
Geranoaetus,Accipitridae
Geranospiza,Accipitridae
Geronticus,Threskiornithidae
Gerygone,Acanthizidae
Glareola,Glareolidae
Glaucidium,Strigidae
Glaucis,Trochilidae
Glossopsitta,Psittacidae
Glycichaera,Meliphagidae
Glyphorynchus,Furnariidae
Gnorimopsar,Icteridae
Goethalsia,Trochilidae
Goldmania,Trochilidae
Gorsachius,Ardeidae
Goura,Columbidae
Gracula,Sturnidae
Grafisia,Sturnidae
Grallaria,Grallariidae
Grallaricula,Grallariidae
Grallina,Monarchidae
Graminicola,Pellorneidae
Granatellus,Cardinalidae
Grandala,Muscicapidae
Grantiella,Meliphagidae
Graueria,Cettiidae
Graydidascalus,Psittacidae
Grus,Gruidae
Guadalcanaria,Meliphagidae
Guaruba,Psittacidae
Gubernatrix,Emberizidae
Gubernetes,Tyrannidae
Guira,Cuculidae
Guttera,Numididae
Gyalophylax,Furnariidae
Gygis,Laridae
Gymnobucco,Lybiidae
Gymnocichla,Thamnophilidae
Gymnocrex,Rallidae
Gymnoderus,Cotingidae
Gymnoglaux,Strigidae
Gymnogyps,Cathartidae
Gymnomystax,Icteridae
Gymnomyza,Meliphagidae
Gymnophaps,Columbidae
Gymnopithys,Thamnophilidae
Gymnorhina,Cracticidae
Gymnorhinus,Corvidae
Gypaetus,Accipitridae
Gypohierax,Accipitridae
Gyps,Accipitridae
Gypsophila,Pellorneidae
Habia,Cardinalidae
Habroptila,Rallidae
Haematoderus,Cotingidae
Haematopus,Haematopodidae
Haematortyx,Phasianidae
Haematospiza,Fringillidae
Halcyon,Alcedinidae
Haliaeetus,Accipitridae
Haliastur,Accipitridae
Halobaena,Procellariidae
Halocyptena,Hydrobatidae
Hamirostra,Accipitridae
Hapalopsittaca,Psittacidae
Hapaloptila,Bucconidae
Haplochelidon,Hirundinidae
Haplophaedia,Trochilidae
Haplospiza,Thraupidae
Harpactes,Trogonidae
Harpagus,Accipitridae
Harpia,Accipitridae
Harpyhaliaetus,Accipitridae
Harpyopsis,Accipitridae
Heinrichia,Muscicapidae
Heleia,Zosteropidae
Heliactin,Trochilidae
Heliangelus,Trochilidae
Helicolestes,Accipitridae
Heliobletus,Furnariidae
Heliodoxa,Trochilidae
Heliolais,Cisticolidae
Heliomaster,Trochilidae
Heliopais,Heliornithidae
Heliornis,Heliornithidae
Heliothryx,Trochilidae
Hellmayrea,Furnariidae
Helmitheros,Parulidae
Hemicircus,Picidae
Hemignathus,Fringillidae
Hemiphaga,Columbidae
Hemiprocne,Hemiprocnidae
Hemipus,Tephrodornithidae
Hemispingus,Thraupidae
Hemitesia,Cettiidae
Hemithraupis,Thraupidae
Hemitriccus,Tyrannidae
Hemixos,Pycnonotidae
Henicopernis,Accipitridae
Henicophaps,Columbidae
Henicorhina,Troglodytidae
Herpetotheres,Falconidae
Herpsilochmus,Thamnophilidae
Heterocercus,Pipridae
Heteroglaux,Strigidae
Heteromirafra,Alaudidae
Heteromunia,Estrildidae
Heteromyias,Petroicidae
Heteronetta,Anatidae
Heterophasia,Leiothrichidae
Heteroscelus,Scolopacidae
Heterospingus,Thraupidae
Hieraaetus,Accipitridae
Himantopus,Recurvirostridae
Himantornis,Rallidae
Himatione,Fringillidae
Hippolais,Acrocephalidae
Hirundapus,Apodidae
Hirundinea,Tyrannidae
Hirundo,Hirundinidae
Histrionicus,Anatidae
Histurgops,Passeridae
Hodgsonius,Muscicapidae
Horizorhinus,Sylviidae
Houbaropsis,Otididae
Humblotia,Muscicapidae
Hydrobates,Hydrobatidae
Hydrochous,Apodidae
Hydrophasianus,Jacanidae
Hydropsalis,Caprimulgidae
Hylacola,Acanthizidae
Hylexetastes,Furnariidae
Hylia,Cettiidae
Hyliota,Hyliotidae
Hylocharis,Trochilidae
Hylocichla,Turdidae
Hylocitrea,Hylocitreidae
Hylocryptus,Furnariidae
Hyloctistes,Furnariidae
Hylomanes,Momotidae
Hylonympha,Trochilidae
Hylopezus,Grallariidae
Hylophilus,Vireonidae
Hylophylax,Thamnophilidae
Hylorchilus,Troglodytidae
Hymenolaimus,Anatidae
Hymenops,Tyrannidae
Hypargos,Estrildidae
Hypergerus,Cisticolidae
Hypnelus,Bucconidae
Hypocnemis,Thamnophilidae
Hypocnemoides,Thamnophilidae
Hypocolius,Hypocoliidae
Hypocryptadius,Passeridae
Hypoedaleus,Thamnophilidae
Hypogramma,Nectariniidae
Hypopyrrhus,Icteridae
Hypositta,Vangidae
Hypothymis,Monarchidae
Hypsipetes,Pycnonotidae
Ibidorhyncha,Ibidorhynchidae
Ibycter,Falconidae
Ichthyophaga,Accipitridae
Icteria,Parulidae
Icterus,Icteridae
Ictinaetus,Accipitridae
Ictinia,Accipitridae
Idiopsar,Thraupidae
Ifrita,Monarchidae
Ilicura,Pipridae
Illadopsis,Pellorneidae
Incana,Cisticolidae
Incaspiza,Thraupidae
Indicator,Indicatoridae
Inezia,Tyrannidae
Iodopleura,Cotingidae
Iole,Pycnonotidae
Irania,Muscicapidae
Irediparra,Jacanidae
Irena,Irenidae
Iridophanes,Thraupidae
Iridosornis,Thraupidae
Ithaginis,Phasianidae
Ixobrychus,Ardeidae
Ixonotus,Pycnonotidae
Ixos,Pycnonotidae
Jabiru,Ciconiidae
Jabouilleia,Pellorneidae
Jacamaralcyon,Galbulidae
Jacamerops,Galbulidae
Jacana,Jacanidae
Jubula,Strigidae
Junco,Emberizidae
Jynx,Picidae
Kakamega,Arcanatoridae
Kaupifalco,Accipitridae
Kenopia,Pellorneidae
Ketupa,Strigidae
Klais,Trochilidae
Knipolegus,Tyrannidae
Kupeornis,Leiothrichidae
Lacedo,Alcedinidae
Lafresnaya,Trochilidae
Lagonosticta,Estrildidae
Lagopus,Phasianidae
Lalage,Campephagidae
Lampornis,Trochilidae
Lamprolaima,Trochilidae
Lamprolia,Rhipiduridae
Lampropsar,Icteridae
Lamprospiza,Thraupidae
Lamprotornis,Sturnidae
Laniarius,Malaconotidae
Laniisoma,Cotingidae
Lanio,Thraupidae
Laniocera,Cotingidae
Lanioturdus,Platysteiridae
Lanius,Laniidae
Larosterna,Laridae
Larus,Laridae
Laterallus,Rallidae
Lathamus,Psittacidae
Lathrotriccus,Tyrannidae
Latoucheornis,Emberizidae
Legatus,Tyrannidae
Leiothrix,Leiothrichidae
Leipoa,Megapodiidae
Leonardina,Muscicapidae
Lepidocolaptes,Furnariidae
Lepidopyga,Trochilidae
Lepidothrix,Pipridae
Leptasthenura,Furnariidae
Leptodon,Accipitridae
Leptopoecile,Aegithalidae
Leptopogon,Tyrannidae
Leptopterus,Vangidae
Leptoptilos,Ciconiidae
Leptosittaca,Psittacidae
Leptosomus,Leptosomidae
Leptotila,Columbidae
Lerwa,Phasianidae
Lesbia,Trochilidae
Lessonia,Tyrannidae
Leucippus,Trochilidae
Leucochloris,Trochilidae
Leucopeza,Parulidae
Leucophaeus,Laridae
Leucopsar,Sturnidae
Leucopternis,Accipitridae
Leucosarcia,Columbidae
Leucosticte,Fringillidae
Lewinia,Rallidae
Lichenostomus,Meliphagidae
Lichmera,Meliphagidae
Limicola,Scolopacidae
Limnoctites,Furnariidae
Limnodromus,Scolopacidae
Limnornis,Furnariidae
Limnothlypis,Parulidae
Limosa,Scolopacidae
Linurgus,Fringillidae
Liocichla,Leiothrichidae
Lioptilus,Sylviidae
Liosceles,Rhinocryptidae
Lipaugus,Cotingidae
Loboparadisea,Cnemophilidae
Lochmias,Furnariidae
Locustella,Locustellidae
Loddigesia,Trochilidae
Lonchura,Estrildidae
Lophaetus,Accipitridae
Lophodytes,Anatidae
Lophoictinia,Accipitridae
Lopholaimus,Columbidae
Lophonetta,Anatidae
Lophophorus,Phasianidae
Lophorina,Paradisaeidae
Lophornis,Trochilidae
Lophospingus,Thraupidae
Lophostrix,Strigidae
Lophotibis,Threskiornithidae
Lophotriccus,Tyrannidae
Lophotriorchis,Accipitridae
Lophozosterops,Zosteropidae
Lophura,Phasianidae
Loriculus,Psittacidae
Lorius,Psittacidae
Loxia,Fringillidae
Loxigilla,Thraupidae
Loxioides,Fringillidae
Loxipasser,Thraupidae
Loxops,Fringillidae
Lugensa,Procellariidae
Lullula,Alaudidae
Lurocalis,Caprimulgidae
Luscinia,Muscicapidae
Lybius,Lybiidae
Lycocorax,Paradisaeidae
Lymnocryptes,Scolopacidae
Macgregoria,Meliphagidae
Machaerirhynchus,Machaerirhynchidae
Machaeropterus,Pipridae
Macheiramphus,Accipitridae
Machetornis,Tyrannidae
Mackenziaena,Thamnophilidae
Macroagelaius,Icteridae
Macrocephalon,Megapodiidae
Macrodipteryx,Caprimulgidae
Macronectes,Procellariidae
Macronous,Timaliidae
Macronyx,Motacillidae
Macropsalis,Caprimulgidae
Macropygia,Columbidae
Macrosphenus,Macrosphenidae
Madanga,Zosteropidae
Malacocincla,Pellorneidae
Malaconotus,Malaconotidae
Malacopteron,Pellorneidae
Malacoptila,Bucconidae
Malacorhynchus,Anatidae
Malcorus,Cisticolidae
Malia,Pycnonotidae
Malimbus,Ploceidae
Malurus,Maluridae
Manacus,Pipridae
Mandingoa,Estrildidae
Manorina,Meliphagidae
Manucodia,Paradisaeidae
Margaroperdix,Phasianidae
Margarops,Mimidae
Margarornis,Furnariidae
Marmaronetta,Anatidae
Masius,Pipridae
Mayrornis,Monarchidae
Mearnsia,Apodidae
Mecocerculus,Tyrannidae
Megabyas,Platysteiridae
Megaceryle,Alcedinidae
Megacrex,Rallidae
Megadyptes,Spheniscidae
Megalaima,Megalaimidae
Megalurulus,Locustellidae
Megalurus,Locustellidae
Megapodius,Megapodiidae
Megarynchus,Tyrannidae
Megascops,Strigidae
Megastictus,Thamnophilidae
Megatriorchis,Accipitridae
Megaxenops,Furnariidae
Megazosterops,Zosteropidae
Meiglyptes,Picidae
Melaenornis,Muscicapidae
Melampitta,Corcoracidae
Melamprosops,Fringillidae
Melanerpes,Picidae
Melanitta,Anatidae
Melanocharis,Melanocharitidae
Melanochlora,Paridae
Melanocorypha,Alaudidae
Melanodera,Thraupidae
Melanodryas,Petroicidae
Melanopareia,Melanopareiidae
Melanoperdix,Phasianidae
Melanoptila,Mimidae
Melanospiza,Thraupidae
Melanotis,Mimidae
Meleagris,Phasianidae
Melichneutes,Indicatoridae
Melidectes,Meliphagidae
Melidora,Alcedinidae
Melierax,Accipitridae
Melignomon,Indicatoridae
Melilestes,Meliphagidae
Meliphaga,Meliphagidae
Melipotes,Meliphagidae
Melithreptus,Meliphagidae
Melitograis,Meliphagidae
Mellisuga,Trochilidae
Melocichla,Macrosphenidae
Melophus,Emberizidae
Melopsittacus,Psittacidae
Melopyrrha,Thraupidae
Melospiza,Emberizidae
Melozone,Emberizidae
Menura,Menuridae
Merganetta,Anatidae
Mergellus,Anatidae
Mergus,Anatidae
Meropogon,Meropidae
Merops,Meropidae
Merulaxis,Rhinocryptidae
Mesembrinibis,Threskiornithidae
Mesitornis,Mesitornithidae
Mesophoyx,Ardeidae
Mesopicos,Picidae
Metabolus,Monarchidae
Metallura,Trochilidae
Metopidius,Jacanidae
Metopothrix,Furnariidae
Metriopelia,Columbidae
Micrastur,Falconidae
Micrathene,Strigidae
Microbates,Polioptilidae
Microcerculus,Troglodytidae
Microchera,Trochilidae
Microdynamis,Cuculidae
Microeca,Petroicidae
Microhierax,Falconidae
Microligea,Parulidae
Micromacronus,Timaliidae
Micromonacha,Bucconidae
Microparra,Jacanidae
Micropsitta,Psittacidae
Micropygia,Rallidae
Microrhopias,Thamnophilidae
Microstilbon,Trochilidae
Miliaria,Emberizidae
Milvago,Falconidae
Milvus,Accipitridae
Mimizuku,Strigidae
Mimus,Mimidae
Minla,Leiothrichidae
Mino,Sturnidae
Mionectes,Tyrannidae
Mirafra,Alaudidae
Mitrephanes,Tyrannidae
Mitrospingus,Thraupidae
Mitu,Cracidae
Mniotilta,Parulidae
Modulatrix,Arcanatoridae
Mohoua,Acanthizidae
Molothrus,Icteridae
Momotus,Momotidae
Monachella,Petroicidae
Monarcha,Monarchidae
Monasa,Bucconidae
Monias,Mesitornithidae
Monticola,Muscicapidae
Montifringilla,Passeridae
Morococcyx,Cuculidae
Morphnus,Accipitridae
Morus,Sulidae
Motacilla,Motacillidae
Mulleripicus,Picidae
Muscicapa,Muscicapidae
Muscicapella,Muscicapidae
Muscigralla,Tyrannidae
Muscipipra,Tyrannidae
Muscisaxicola,Tyrannidae
Musophaga,Musophagidae
Myadestes,Turdidae
Mycerobas,Fringillidae
Mycteria,Ciconiidae
Myiagra,Monarchidae
Myiarchus,Tyrannidae
Myiobius,Tyrannidae
Myioborus,Parulidae
Myiodynastes,Tyrannidae
Myiomela,Muscicapidae
Myiopagis,Tyrannidae
Myioparus,Muscicapidae
Myiophobus,Tyrannidae
Myiopsitta,Psittacidae
Myiornis,Tyrannidae
Myiotheretes,Tyrannidae
Myiotriccus,Tyrannidae
Myiozetetes,Tyrannidae
Myophonus,Muscicapidae
Myornis,Rhinocryptidae
Myrmeciza,Thamnophilidae
Myrmecocichla,Muscicapidae
Myrmia,Trochilidae
Myrmoborus,Thamnophilidae
Myrmochanes,Thamnophilidae
Myrmorchilus,Thamnophilidae
Myrmornis,Thamnophilidae
Myrmothera,Grallariidae
Myrmotherula,Thamnophilidae
Myrtis,Trochilidae
Mystacornis,Vangidae
Myza,Meliphagidae
Myzomela,Meliphagidae
Myzornis,Sylviidae
Namibornis,Muscicapidae
Nandayus,Psittacidae
Nannopsittaca,Psittacidae
Napothera,Pellorneidae
Nasica,Furnariidae
Neafrapus,Apodidae
Necrosyrtes,Accipitridae
Nectarinia,Nectariniidae
Nemosia,Thraupidae
Neochelidon,Hirundinidae
Neochen,Anatidae
Neochmia,Estrildidae
Neocichla,Sturnidae
Neocossyphus,Turdidae
Neocrex,Rallidae
Neoctantes,Thamnophilidae
Neodrepanis,Philepittidae
Neolalage,Monarchidae
Neolestes,Pycnonotidae
Neomixis,Cisticolidae
Neomorphus,Cuculidae
Neopelma,Pipridae
Neophema,Psittacidae
Neophron,Accipitridae
Neopipo,Tyrannidae
Neopsephotus,Psittacidae
Neopsittacus,Psittacidae
Neospiza,Thraupidae
Neothraupis,Thraupidae
Neotis,Otididae
Neoxolmis,Tyrannidae
Nephelornis,Thraupidae
Nesasio,Strigidae
Nesillas,Acrocephalidae
Nesocharis,Estrildidae
Nesocichla,Turdidae
Nesoclopeus,Rallidae
Nesoctites,Picidae
Nesoenas,Columbidae
Nesofregetta,Hydrobatidae
Nesopsar,Icteridae
Nesospingus,Thraupidae
Nesospiza,Thraupidae
Nesotriccus,Tyrannidae
Nestor,Psittacidae
Netta,Anatidae
Nettapus,Anatidae
Newtonia,Vangidae
Nicator,Nicatoridae
Nigrita,Estrildidae
Nilaus,Malaconotidae
Niltava,Muscicapidae
Ninox,Strigidae
Nipponia,Threskiornithidae
Nisaetus,Accipitridae
Nomonyx,Anatidae
Nonnula,Bucconidae
Northiella,Psittacidae
Notharchus,Bucconidae
Nothocercus,Tinamidae
Nothocrax,Cracidae
Nothoprocta,Tinamidae
Nothura,Tinamidae
Notiochelidon,Hirundinidae
Notiomystis,Notiomystidae
Nucifraga,Corvidae
Numenius,Scolopacidae
Numida,Numididae
Nyctanassa,Ardeidae
Nyctibius,Nyctibiidae
Nycticorax,Ardeidae
Nyctidromus,Caprimulgidae
Nyctiphrynus,Caprimulgidae
Nyctiprogne,Caprimulgidae
Nyctyornis,Meropidae
Nymphicus,Psittacidae
Nystalus,Bucconidae
Oceanites,Hydrobatidae
Oceanodroma,Hydrobatidae
Ochetorhynchus,Furnariidae
Ochthoeca,Tyrannidae
Ochthornis,Tyrannidae
Ocreatus,Trochilidae
Oculocincta,Zosteropidae
Ocyalus,Icteridae
Ocyceros,Bucerotidae
Ocyphaps,Columbidae
Odontophorus,Odontophoridae
Odontorchilus,Troglodytidae
Oedistoma,Melanocharitidae
Oena,Columbidae
Oenanthe,Muscicapidae
Ognorhynchus,Psittacidae
Oncostoma,Tyrannidae
Onychognathus,Sturnidae
Onychorhynchus,Tyrannidae
Opisthocomus,Opisthocomidae
Opisthoprora,Trochilidae
Oporornis,Parulidae
Orchesticus,Thraupidae
Oreocharis,Paramythiidae
Oreoica,Oreoicidae
Oreolais,Cisticolidae
Oreomanes,Thraupidae
Oreomystis,Fringillidae
Oreonympha,Trochilidae
Oreophasis,Cracidae
Oreopholus,Charadriidae
Oreophylax,Furnariidae
Oreopsar,Icteridae
Oreopsittacus,Psittacidae
Oreornis,Meliphagidae
Oreortyx,Odontophoridae
Oreoscoptes,Mimidae
Oreoscopus,Acanthizidae
Oreostruthus,Estrildidae
Oreothraupis,Thraupidae
Oreotrochilus,Trochilidae
Origma,Acanthizidae
Oriolia,Vangidae
Oriolus,Oriolidae
Oriturus,Emberizidae
Ornithion,Tyrannidae
Ortalis,Cracidae
Orthogonys,Thraupidae
Orthonyx,Orthonychidae
Orthopsittaca,Psittacidae
Orthorhyncus,Trochilidae
Orthotomus,Cisticolidae
Ortygospiza,Estrildidae
Ortyxelos,Turnicidae
Oryzoborus,Thraupidae
Otidiphaps,Columbidae
Otis,Otididae
Otus,Strigidae
Oxylabes,Bernieridae
Oxypogon,Trochilidae
Oxyruncus,Cotingidae
Oxyura,Anatidae
Pachycare,Acanthizidae
Pachycephala,Pachycephalidae
Pachycephalopsis,Petroicidae
Pachycoccyx,Cuculidae
Pachyptila,Procellariidae
Pachyramphus,Cotingidae
Padda,Estrildidae
Pagodroma,Procellariidae
Pagophila,Laridae
Palmeria,Fringillidae
Pandion,Pandionidae
Panterpe,Trochilidae
Panurus,Panuridae
Panyptila,Apodidae
Papasula,Sulidae
Parabuteo,Accipitridae
Paradigalla,Paradisaeidae
Paradisaea,Paradisaeidae
Paradoxornis,Sylviidae
Paramythia,Paramythiidae
Pardalotus,Pardalotidae
Pardirallus,Rallidae
Parkerthraustes,Cardinalidae
Parmoptila,Estrildidae
Paroaria,Thraupidae
Parophasma,Sylviidae
Paroreomyza,Fringillidae
Parotia,Paradisaeidae
Parula,Parulidae
Parus,Paridae
Passer,Passeridae
Passerculus,Emberizidae
Passerella,Emberizidae
Passerina,Cardinalidae
Patagioenas,Columbidae
Patagona,Trochilidae
Pauxi,Cracidae
Pavo,Phasianidae
Pedionomus,Pedionomidae
Pelagodroma,Hydrobatidae
Pelargopsis,Alcedinidae
Pelecanoides,Pelecanoididae
Pelecanus,Pelecanidae
Pellorneum,Pellorneidae
Peltops,Cracticidae
Penelope,Cracidae
Penelopides,Bucerotidae
Penelopina,Cracidae
Peneothello,Petroicidae
Percnostola,Thamnophilidae
Perdicula,Phasianidae
Perdix,Phasianidae
Pericrocotus,Campephagidae
Periporphyrus,Cardinalidae
Perisoreus,Corvidae
Perissocephalus,Cotingidae
Pernis,Accipitridae
Petrochelidon,Hirundinidae
Petroica,Petroicidae
Petronia,Passeridae
Petrophassa,Columbidae
Peucedramus,Peucedramidae
Pezopetes,Emberizidae
Pezoporus,Psittacidae
Phacellodomus,Furnariidae
Phaenicophaeus,Cuculidae
Phaenicophilus,Thraupidae
Phaenostictus,Thamnophilidae
Phaeochroa,Trochilidae
Phaeomyias,Tyrannidae
Phaeothlypis,Parulidae
Phaethon,Phaethontidae
Phaethornis,Trochilidae
Phaetusa,Laridae
Phainopepla,Ptilogonatidae
Phainoptila,Ptilogonatidae
Phalacrocorax,Phalacrocoracidae
Phalaenoptilus,Caprimulgidae
Phalaropus,Scolopacidae
Phalcoboenus,Falconidae
Phapitreron,Columbidae
Phaps,Columbidae
Pharomachrus,Trogonidae
Phasianus,Phasianidae
Phedina,Hirundinidae
Phegornis,Charadriidae
Phelpsia,Tyrannidae
Pheucticus,Cardinalidae
Phibalura,Cotingidae
Phigys,Psittacidae
Philemon,Meliphagidae
Philentoma,Tephrodornithidae
Philepitta,Philepittidae
Philesturnus,Callaeatidae
Philetairus,Passeridae
Philomachus,Scolopacidae
Philortyx,Odontophoridae
Philydor,Furnariidae
Phimosus,Threskiornithidae
Phlegopsis,Thamnophilidae
Phleocryptes,Furnariidae
Phlogophilus,Trochilidae
Phodilus,Tytonidae
Phoebastria,Diomedeidae
Phoebetria,Diomedeidae
Phoenicircus,Cotingidae
Phoeniconaias,Phoenicopteridae
Phoenicoparrus,Phoenicopteridae
Phoenicopterus,Phoenicopteridae
Phoeniculus,Phoeniculidae
Phoenicurus,Muscicapidae
Pholidornis,Cettiidae
Phragmacia,Cisticolidae
Phrygilus,Thraupidae
Phylidonyris,Meliphagidae
Phyllanthus,Leiothrichidae
Phyllastrephus,Pycnonotidae
Phyllolais,Cisticolidae
Phyllomyias,Tyrannidae
Phylloscartes,Tyrannidae
Phylloscopus,Phylloscopidae
Phytotoma,Cotingidae
Piaya,Cuculidae
Pica,Corvidae
Picathartes,Picathartidae
Picoides,Picidae
Piculus,Picidae
Picumnus,Picidae
Picus,Picidae
Piezorhina,Thraupidae
Pilherodius,Ardeidae
Pinarocorys,Alaudidae
Pinaroloxias,Thraupidae
Pinarornis,Muscicapidae
Pinicola,Fringillidae
Pionites,Psittacidae
Pionopsitta,Psittacidae
Pionus,Psittacidae
Pipile,Cracidae
Pipilo,Emberizidae
Pipra,Pipridae
Pipraeidea,Thraupidae
Pipreola,Cotingidae
Piprites,Cotingidae
Piranga,Cardinalidae
Pitangus,Tyrannidae
Pithecophaga,Accipitridae
Pithys,Thamnophilidae
Pitohui,Oriolidae
Pitta,Pittidae
Pittasoma,Conopophagidae
Pityriasis,Pityriaseidae
Platalea,Threskiornithidae
Platycercus,Psittacidae
Platylophus,Corvidae
Platyrinchus,Tyrannidae
Platysmurus,Corvidae
Platyspiza,Thraupidae
Platysteira,Platysteiridae
Plectorhyncha,Meliphagidae
Plectrophenax,Calcariidae
Plectropterus,Anatidae
Plegadis,Threskiornithidae
Plocepasser,Passeridae
Ploceus,Ploceidae
Pluvialis,Charadriidae
Pluvianellus,Pluvianellidae
Pluvianus,Pluvianidae
Pnoepyga,Pnoepygidae
Podager,Caprimulgidae
Podargus,Podargidae
Podica,Heliornithidae
Podiceps,Podicipedidae
Podilymbus,Podicipedidae
Podoces,Corvidae
Poecilodryas,Petroicidae
Poecilotriccus,Tyrannidae
Poeoptera,Sturnidae
Poephila,Estrildidae
Pogoniulus,Lybiidae
Pogonocichla,Muscicapidae
Poicephalus,Psittacidae
Polemaetus,Accipitridae
Polihierax,Falconidae
Poliocephalus,Podicipedidae
Poliolais,Cisticolidae
Polioptila,Polioptilidae
Polioxolmis,Tyrannidae
Polyboroides,Accipitridae
Polyonymus,Trochilidae
Polyplectron,Phasianidae
Polysticta,Anatidae
Polystictus,Tyrannidae
Polytelis,Psittacidae
Polytmus,Trochilidae
Pomarea,Monarchidae
Pomatorhinus,Timaliidae
Pomatostomus,Pomatostomidae
Pooecetes,Emberizidae
Poospiza,Thraupidae
Porphyrio,Rallidae
Porphyrolaema,Cotingidae
Porphyrospiza,Emberizidae
Porzana,Rallidae
Premnoplex,Furnariidae
Premnornis,Furnariidae
Primolius,Psittacidae
Prinia,Cisticolidae
Prioniturus,Psittacidae
Prionochilus,Dicaeidae
Prionodura,Ptilonorhynchidae
Prionops,Prionopidae
Priotelus,Trogonidae
Probosciger,Psittacidae
Procellaria,Procellariidae
Procelsterna,Laridae
Procnias,Cotingidae
Prodotiscus,Indicatoridae
Progne,Hirundinidae
Promerops,Promeropidae
Prosobonia,Scolopacidae
Prosopeia,Psittacidae
Prosthemadera,Meliphagidae
Protonotaria,Parulidae
Prunella,Prunellidae
Psalidoprocne,Hirundinidae
Psaltria,Aegithalidae
Psaltriparus,Aegithalidae
Psarisomus,Eurylaimidae
Psarocolius,Icteridae
Pselliophorus,Emberizidae
Psephotus,Psittacidae
Pseudalaemon,Alaudidae
Pseudelaenia,Tyrannidae
Pseudeos,Psittacidae
Pseudhirundo,Hirundinidae
Pseudibis,Threskiornithidae
Pseudoalcippe,Sylviidae
Pseudobias,Vangidae
Pseudobulweria,Procellariidae
Pseudocalyptomena,Eurylaimidae
Pseudochelidon,Hirundinidae
Pseudocolaptes,Furnariidae
Pseudocolopteryx,Tyrannidae
Pseudoleistes,Icteridae
Pseudonestor,Fringillidae
Pseudonigrita,Passeridae
Pseudopodoces,Paridae
Pseudoscops,Strigidae
Pseudoseisura,Furnariidae
Pseudotriccus,Tyrannidae
Psilopogon,Megalaimidae
Psilopsiagon,Psittacidae
Psilorhamphus,Rhinocryptidae
Psittacella,Psittacidae
Psittacula,Psittacidae
Psittaculirostris,Psittacidae
Psittacus,Psittacidae
Psitteuteles,Psittacidae
Psittinus,Psittacidae
Psittirostra,Fringillidae
Psittrichas,Psittacidae
Psophia,Psophiidae
Psophocichla,Turdidae
Psophodes,Psophodidae
Pteridophora,Paradisaeidae
Pterocles,Pteroclididae
Pterodroma,Procellariidae
Pteroglossus,Ramphastidae
Pteronetta,Anatidae
Pterophanes,Trochilidae
Pteroptochos,Rhinocryptidae
Pteruthius,Vireonidae
Ptilinopus,Columbidae
Ptilocichla,Pellorneidae
Ptilogonys,Ptilogonatidae
Ptilonorhynchus,Ptilonorhynchidae
Ptilopachus,Phasianidae
Ptiloprora,Meliphagidae
Ptilopsis,Strigidae
Ptiloris,Paradisaeidae
Ptilorrhoa,Psophodidae
Ptilostomus,Corvidae
Ptychoramphus,Alcidae
Ptyrticus,Pellorneidae
Pucrasia,Phasianidae
Puffinus,Procellariidae
Pulsatrix,Strigidae
Purpureicephalus,Psittacidae
Pycnonotus,Pycnonotidae
Pycnoptilus,Acanthizidae
Pycnopygius,Meliphagidae
Pygarrhichas,Furnariidae
Pygiptila,Thamnophilidae
Pygochelidon,Hirundinidae
Pygoscelis,Spheniscidae
Pyrenestes,Estrildidae
Pyriglena,Thamnophilidae
Pyrilia,Psittacidae
Pyrocephalus,Tyrannidae
Pyroderus,Cotingidae
Pyrrhocoma,Thraupidae
Pyrrhocorax,Corvidae
Pyrrholaemus,Acanthizidae
Pyrrhomyias,Tyrannidae
Pyrrhoplectes,Fringillidae
Pyrrhula,Fringillidae
Pyrrhura,Psittacidae
Pyrrhurus,Pycnonotidae
Pytilia,Estrildidae
Quelea,Ploceidae
Querula,Cotingidae
Quiscalus,Icteridae
Rallina,Rallidae
Rallus,Rallidae
Ramphastos,Ramphastidae
Ramphocaenus,Polioptilidae
Ramphocelus,Thraupidae
Ramphocinclus,Mimidae
Ramphodon,Trochilidae
Ramphomicron,Trochilidae
Ramphotrigon,Tyrannidae
Ramsayornis,Meliphagidae
Randia,Bernieridae
Recurvirostra,Recurvirostridae
Regulus,Regulidae
Reinwardtipicus,Picidae
Reinwardtoena,Columbidae
Remiz,Remizidae
Rhabdornis,Sturnidae
Rhagologus,Pachycephalidae
Rhamphocoris,Alaudidae
Rhamphomantis,Cuculidae
Rhaphidura,Apodidae
Rhea,Rheidae
Rhegmatorhina,Thamnophilidae
Rheinardia,Phasianidae
Rhinocrypta,Rhinocryptidae
Rhinomyias,Muscicapidae
Rhinoplax,Bucerotidae
Rhinopomastus,Phoeniculidae
Rhinoptilus,Glareolidae
Rhipidura,Rhipiduridae
Rhizothera,Phasianidae
Rhodinocichla,Thraupidae
Rhodopechys,Fringillidae
Rhodophoneus,Malaconotidae
Rhodopis,Trochilidae
Rhodospingus,Thraupidae
Rhodostethia,Laridae
Rhodothraupis,Cardinalidae
Rhopocichla,Timaliidae
Rhopophilus,Sylviidae
Rhopornis,Thamnophilidae
Rhyacornis,Muscicapidae
Rhynchocyclus,Tyrannidae
Rhynchopsitta,Psittacidae
Rhynchortyx,Odontophoridae
Rhynchostruthus,Fringillidae
Rhynchotus,Tinamidae
Rhynochetos,Rhynochetidae
Rhytipterna,Tyrannidae
Rigidipenna,Podargidae
Rimator,Pellorneidae
Riparia,Hirundinidae
Rissa,Laridae
Robsonius,Locustellidae
Rollandia,Podicipedidae
Rollulus,Phasianidae
Roraimia,Furnariidae
Rostratula,Rostratulidae
Rostrhamus,Accipitridae
Rougetius,Rallidae
Rowettia,Thraupidae
Rukia,Zosteropidae
Rupicola,Cotingidae
Ruwenzorornis,Musophagidae
Rynchops,Laridae
Sagittarius,Sagittariidae
Sakesphorus,Thamnophilidae
Salpinctes,Troglodytidae
Salpornis,Certhiidae
Saltator,Cardinalidae
Saltatricula,Thraupidae
Salvadorina,Anatidae
Sapayoa,Sapayoaidae
Sappho,Trochilidae
Sarcogyps,Accipitridae
Sarcops,Sturnidae
Sarcoramphus,Cathartidae
Sarkidiornis,Anatidae
Saroglossa,Sturnidae
Sarothrura,Rallidae
Sasia,Picidae
Satrapa,Tyrannidae
Saxicola,Muscicapidae
Saxicoloides,Muscicapidae
Sayornis,Tyrannidae
Scelorchilus,Rhinocryptidae
Scenopoeetes,Ptilonorhynchidae
Schetba,Vangidae
Schiffornis,Cotingidae
Schistes,Trochilidae
Schistochlamys,Thraupidae
Schistocichla,Thamnophilidae
Schizoeaca,Furnariidae
Schoenicola,Locustellidae
Schoeniophylax,Furnariidae
Schoutedenapus,Apodidae
Scissirostrum,Sturnidae
Sclateria,Thamnophilidae
Sclerurus,Furnariidae
Scolopax,Scolopacidae
Scopus,Scopidae
Scotocerca,Scotocercidae
Scotopelia,Strigidae
Scytalopus,Rhinocryptidae
Scythrops,Cuculidae
Seicercus,Phylloscopidae
Seiurus,Parulidae
Selasphorus,Trochilidae
Selenidera,Ramphastidae
Seleucidis,Paradisaeidae
Semioptera,Paradisaeidae
Semnornis,Semnornithidae
Sephanoides,Trochilidae
Sericornis,Acanthizidae
Sericossypha,Thraupidae
Sericulus,Ptilonorhynchidae
Serilophus,Eurylaimidae
Serinus,Fringillidae
Serpophaga,Tyrannidae
Setophaga,Parulidae
Setornis,Pycnonotidae
Sheppardia,Muscicapidae
Sialia,Turdidae
Sicalis,Thraupidae
Sigelus,Muscicapidae
Simoxenops,Furnariidae
Siphonorhis,Caprimulgidae
Sipodotus,Maluridae
Siptornis,Furnariidae
Siptornopsis,Furnariidae
Sirystes,Tyrannidae
Sitta,Sittidae
Sittasomus,Furnariidae
Skutchia,Thamnophilidae
Smicrornis,Acanthizidae
Smithornis,Eurylaimidae
Snowornis,Cotingidae
Somateria,Anatidae
Spartonoica,Furnariidae
Speculanas,Anatidae
Speculipastor,Sturnidae
Speirops,Zosteropidae
Spelaeornis,Timaliidae
Spermophaga,Estrildidae
Sphecotheres,Oriolidae
Spheniscus,Spheniscidae
Sphenocichla,Timaliidae
Sphenoeacus,Macrosphenidae
Sphyrapicus,Picidae
Spiloptila,Cisticolidae
Spilornis,Accipitridae
Spindalis,Thraupidae
Spiza,Cardinalidae
Spizaetus,Accipitridae
Spizella,Emberizidae
Spiziapteryx,Falconidae
Spizixos,Pycnonotidae
Spizocorys,Alaudidae
Sporophila,Thraupidae
Sporopipes,Ploceidae
Spreo,Sturnidae
Stachyris,Timaliidae
Stactolaema,Lybiidae
Stagonopleura,Estrildidae
Starnoenas,Columbidae
Steatornis,Steatornithidae
Steganopus,Scolopacidae
Stelgidopteryx,Hirundinidae
Stellula,Trochilidae
Stenostira,Stenostiridae
Stephanoaetus,Accipitridae
Stephanophorus,Thraupidae
Stephanoxis,Trochilidae
Stercorarius,Stercorariidae
Sterna,Laridae
Sternoclyta,Trochilidae
Stictonetta,Anatidae
Stigmatopelia,Columbidae
Stigmatura,Tyrannidae
Stiltia,Glareolidae
Stiphrornis,Muscicapidae
Stipiturus,Maluridae
Stizorhina,Turdidae
Strepera,Cracticidae
Streptocitta,Sturnidae
Streptopelia,Columbidae
Streptoprocne,Apodidae
Stresemannia,Meliphagidae
Strigops,Psittacidae
Strix,Strigidae
Strophocincla,Leiothrichidae
Struthidea,Corcoracidae
Struthio,Struthionidae
Sturnella,Icteridae
Sturnus,Sturnidae
Stymphalornis,Thamnophilidae
Sublegatus,Tyrannidae
Suiriri,Tyrannidae
Sula,Sulidae
Surnia,Strigidae
Surniculus,Cuculidae
Swynnertonia,Muscicapidae
Sylvia,Sylviidae
Sylvietta,Macrosphenidae
Sylviorthorhynchus,Furnariidae
Sylviparus,Paridae
Syma,Alcedinidae
Synallaxis,Furnariidae
Syndactyla,Furnariidae
Synthliboramphus,Alcidae
Sypheotides,Otididae
Syrigma,Ardeidae
Syrmaticus,Phasianidae
Syrrhaptes,Pteroclididae
Tachornis,Apodidae
Tachuris,Tyrannidae
Tachybaptus,Podicipedidae
Tachycineta,Hirundinidae
Tachyeres,Anatidae
Tachymarptis,Apodidae
Tachyphonus,Thraupidae
Tadorna,Anatidae
Taeniopygia,Estrildidae
Taeniotriccus,Tyrannidae
Talegalla,Megapodiidae
Tangara,Thraupidae
Tanygnathus,Psittacidae
Tanysiptera,Alcedinidae
Taoniscus,Tinamidae
Tapera,Cuculidae
Taphrolesbia,Trochilidae
Taphrospilus,Trochilidae
Taraba,Thamnophilidae
Tarphonomus,Furnariidae
Tarsiger,Muscicapidae
Tauraco,Musophagidae
Tchagra,Malaconotidae
Telacanthura,Apodidae
Teledromas,Rhinocryptidae
Telespiza,Fringillidae
Telophorus,Malaconotidae
Temnurus,Corvidae
Tephrodornis,Tephrodornithidae
Tephrozosterops,Zosteropidae
Terathopius,Accipitridae
Terenotriccus,Tyrannidae
Terenura,Thamnophilidae
Teretistris,Parulidae
Terpsiphone,Monarchidae
Tersina,Thraupidae
Tesia,Cettiidae
Tetrao,Phasianidae
Tetraogallus,Phasianidae
Tetraophasis,Phasianidae
Tetrax,Otididae
Thalassarche,Diomedeidae
Thalassoica,Procellariidae
Thalassornis,Anatidae
Thalurania,Trochilidae
Thamnistes,Thamnophilidae
Thamnomanes,Thamnophilidae
Thamnophilus,Thamnophilidae
Thamnornis,Bernieridae
Thaumastura,Trochilidae
Thaumatibis,Threskiornithidae
Theristicus,Threskiornithidae
Thescelocichla,Pycnonotidae
Thinocorus,Thinocoridae
Thinornis,Charadriidae
Thlypopsis,Thraupidae
Thraupis,Thraupidae
Threnetes,Trochilidae
Threskiornis,Threskiornithidae
Thripadectes,Furnariidae
Thripias,Picidae
Thripophaga,Furnariidae
Thryomanes,Troglodytidae
Thryorchilus,Troglodytidae
Thryothorus,Troglodytidae
Tiaris,Thraupidae
Tichodroma,Tichodromidae
Tickellia,Cettiidae
Tigriornis,Ardeidae
Tigrisoma,Ardeidae
Tijuca,Cotingidae
Tilmatura,Trochilidae
Timalia,Timaliidae
Timeliopsis,Meliphagidae
Tinamotis,Tinamidae
Tinamus,Tinamidae
Tityra,Cotingidae
Tmetothylacus,Motacillidae
Tockus,Bucerotidae
Todiramphus,Alcedinidae
Todirostrum,Tyrannidae
Todus,Todidae
Tolmomyias,Tyrannidae
Topaza,Trochilidae
Torgos,Accipitridae
Torreornis,Emberizidae
Touit,Psittacidae
Toxorhamphus,Melanocharitidae
Toxostoma,Mimidae
Trachyphonus,Lybiidae
Tragopan,Phasianidae
Tregellasia,Petroicidae
Treron,Columbidae
Trichastoma,Pellorneidae
Trichixos,Muscicapidae
Trichocichla,Locustellidae
Trichodere,Meliphagidae
Trichoglossus,Psittacidae
Tricholaema,Lybiidae
Tricholestes,Pycnonotidae
Trichothraupis,Thraupidae
Triclaria,Psittacidae
Trigonoceps,Accipitridae
Tringa,Scolopacidae
Trochilus,Trochilidae
Trochocercus,Monarchidae
Troglodytes,Troglodytidae
Trogon,Trogonidae
Tropicranus,Bucerotidae
Trugon,Columbidae
Tryngites,Scolopacidae
Tumbezia,Tyrannidae
Turacoena,Columbidae
Turdinus,Pellorneidae
Turdoides,Leiothrichidae
Turdus,Turdidae
Turnix,Turnicidae
Turtur,Columbidae
Tylas,Vangidae
Tympanuchus,Phasianidae
Tyranneutes,Pipridae
Tyrannopsis,Tyrannidae
Tyrannulus,Tyrannidae
Tyrannus,Tyrannidae
Tyto,Tytonidae
Upucerthia,Furnariidae
Upupa,Upupidae
Uraeginthus,Estrildidae
Uragus,Fringillidae
Uratelornis,Brachypteraciidae
Uria,Alcidae
Urochroa,Trochilidae
Urocissa,Corvidae
Urocolius,Coliidae
Urocynchramus,Urocynchramidae
Uroglaux,Strigidae
Urolais,Cisticolidae
Urolestes,Laniidae
Uropelia,Columbidae
Uropsalis,Caprimulgidae
Uropsila,Troglodytidae
Urosphena,Cettiidae
Urosticte,Trochilidae
Urothraupis,Thraupidae
Urotriorchis,Accipitridae
Vanellus,Charadriidae
Vanga,Vangidae
Veniliornis,Picidae
Vermivora,Parulidae
Vestiaria,Fringillidae
Vidua,Viduidae
Vini,Psittacidae
Vireo,Vireonidae
Vireolanius,Vireonidae
Volatinia,Thraupidae
Vultur,Cathartidae
Wetmorethraupis,Thraupidae
Willisornis,Thamnophilidae
Wilsonia,Parulidae
Woodfordia,Zosteropidae
Xanthocephalus,Icteridae
Xanthomyza,Meliphagidae
Xanthopsar,Icteridae
Xanthotis,Meliphagidae
Xema,Laridae
Xenerpestes,Furnariidae
Xenicus,Acanthisittidae
Xenocopsychus,Muscicapidae
Xenodacnis,Thraupidae
Xenoglaux,Strigidae
Xenoligea,Parulidae
Xenoperdix,Phasianidae
Xenopipo,Pipridae
Xenopirostris,Vangidae
Xenops,Furnariidae
Xenopsaris,Cotingidae
Xenornis,Thamnophilidae
Xenospingus,Thraupidae
Xenospiza,Emberizidae
Xenotriccus,Tyrannidae
Xenus,Scolopacidae
Xiphidiopicus,Picidae
Xiphirhynchus,Timaliidae
Xiphocolaptes,Furnariidae
Xipholena,Cotingidae
Xiphorhynchus,Furnariidae
Xolmis,Tyrannidae
Yuhina,Zosteropidae
Zaratornis,Cotingidae
Zavattariornis,Corvidae
Zebrilus,Ardeidae
Zeledonia,Parulidae
Zenaida,Columbidae
Zimmerius,Tyrannidae
Zonerodius,Ardeidae
Zonotrichia,Emberizidae
Zoonavena,Apodidae
Zoothera,Turdidae
Zosterops,Zosteropidae
Acanthis,Fringillidae
Acanthochoera,Meliphagidae
Acanthogenys,Meliphagidae
Acanthylis,Apodidae
Acestrura,Trochilidae
Acritillas,Pycnonotidae
Adamastor,Procellariidae
Aechmorhynchus,Scolopacidae
Aegialites,Charadriidae
Aegialitis,Charadriidae
Aerodramus,Apodidae
Aerops,Meropidae
Aerornis,Apodidae
Afrotis,Otididae
Aganus,Trogonidae
Agraphospiza,Fringillidae
Agriocharis,Phasianidae
Agropsar,Sturnidae
Agyrtria,Trochilidae
Agyrtrina,Trochilidae
Aithurus,Trochilidae
Ajaia,Threskiornithidae
Akialoa,Fringillidae
Alaudo,Alcedinidae
Alcemerops,Meropidae
Alcyone,Alcedinidae
Allenia,Mimidae
Amaurospizopsis,Cardinalidae
Amazilis,Trochilidae
Amazilius,Trochilidae
Amblypterus,Caprimulgidae
Amizilis,Trochilidae
Ammomanopsis,Alaudidae
Ammospiza,Emberizidae
Amoromyza,Meliphagidae
Anabathmis,Nectariniidae
Anellobia,Meliphagidae
Anisoterus,Trochilidae
Anthipes,Muscicapidae
Anthobaphes,Nectariniidae
Anthocincla,Pittidae
Anthropoides,Gruidae
Antrostomus,Caprimulgidae
Aphantochora,Trochilidae
Aphrodroma,Procellariidae
Arcanator,Arcanatoridae
Arena,Trochilidae
Argicus,Bucconidae
Argyrtrina,Trochilidae
Arizelocichla,Pycnonotidae
Artemisiospiza,Emberizidae
Asacornis,Anatidae
Asarcornis,Anatidae
Asturina,Accipitridae
Asyndesmus,Picidae
Atimastillas,Pycnonotidae
Aulacorhamphus,Ramphastidae
Baillonius,Ramphastidae
Baryphonus,Momotidae
Basilinna,Trochilidae
Bebrornis,Acrocephalidae
Berenicornis,Bucerotidae
Bocagia,Malaconotidae
Bolemoreus,Meliphagidae
Bourcieria,Trochilidae
Brachyrampus,Alcidae
Buarremon,Emberizidae
Bugeranus,Gruidae
Burgeranus,Gruidae
Calamonastes,Cisticolidae
Calamonastides,Acrocephalidae
Calendulauda,Alaudidae
Caligavis,Meliphagidae
Callichelidon,Hirundinidae
Caloramphus,Megalaimidae
Campicoloides,Muscicapidae
Camptorhynchus,Anatidae
Canachites,Phasianidae
Cantorchilus,Troglodytidae
Canutus,Scolopacidae
Capella,Scolopacidae
Carcineutes,Alcedinidae
Carpospiza,Passeridae
Carterornis,Monarchidae
Cassidix,Icteridae
Cecropis,Hirundinidae
Centurus,Picidae
Cerasophila,Pycnonotidae
Ceycopsis,Alcedinidae
Chaetoptila,Mohoidae
Chalcomitra,Nectariniidae
Chalcoparia,Nectariniidae
Chamaethlypis,Parulidae
Charmosynopsis,Psittacidae
Chaunoproctus,Fringillidae
Chilia,Furnariidae
Chilidonias,Laridae
Chionomesa,Trochilidae
Chleuasicus,Sylviidae
Chloebia,Estrildidae
Chloridops,Fringillidae
Chloris,Fringillidae
Chlorodrepanis,Fringillidae
Chloronerpes,Picidae
Chlorophoneus,Malaconotidae
Chloropicus,Picidae
Chloropipo,Pipridae
Chlorura,Emberizidae
Cholornis,Sylviidae
Chroicocephalus,Laridae
Chrysocorythus,Fringillidae
Chrysomitridops,Fringillidae
Chrysophlegma,Picidae
Ciccaba,Strigidae
Cichlherminia,Turdidae
Cinnyris,Nectariniidae
Ciridops,Fringillidae
Cissilopha,Corvidae
Cissomela,Meliphagidae
Cloronerpes,Picidae
Coccoborus,Cardinalidae
Coccopygia,Estrildidae
Colaris,Brachypteraciidae
Coleia,Meliphagidae
Coloeus,Corvidae
Colomba,Columbidae
Colymbus,Podicipedidae
Conuropsis,Psittacidae
Coquus,Campephagidae
Coriphilus,Psittacidae
Corythornis,Alcedinidae
Cranorrhinus,Bucerotidae
Creadion,Meliphagidae
Crithagra,Fringillidae
Crypticus,Momotidae
Cryptillas,Macrosphenidae
Cryptoglaux,Strigidae
Cultrunguis,Strigidae
Curucujus,Trogonidae
Cyanalcyon,Alcedinidae
Cyanistes,Paridae
Cyanolaemus,Trochilidae
Cyanolesbia,Trochilidae
Cyanomia,Trochilidae
Cyanomitra,Nectariniidae
Cyanomyia,Trochilidae
Cyclorrhynchus,Alcidae
Cypcelus,Apodidae
Cypselus,Apodidae
Dasylophus,Cuculidae
Delattria,Trochilidae
Deleornis,Nectariniidae
Dendrochelidon,Hemiprocnidae
Dendrocoptes,Picidae
Dichromanassa,Ardeidae
Dicrocercus,Meropidae
Diglossopis,Thraupidae
Diphlogaena,Trochilidae
Diphyllodes,Paradisaeidae
Drepanis,Fringillidae
Drepanorhynchus,Nectariniidae
Drepanornis,Paradisaeidae
Dreptes,Nectariniidae
Dryobates,Picidae
Duidia,Apodidae
Dupetor,Ardeidae
Dysmorodrepanis,Fringillidae
Ectopistes,Columbidae
Edithornis,Rallidae
Eider,Anatidae
Eidopsarus,Meliphagidae
Elaphrornis,Locustellidae
Elliotomyia,Trochilidae
Emarginata,Muscicapidae
Endomychura,Alcidae
Entomophila,Meliphagidae
Entomothera,Alcedinidae
Eolophus,Psittacidae
Ephialtes,Strigidae
Ephthianura,Meliphagidae
Eranna,Trochilidae
Eremobius,Furnariidae
Erolia,Scolopacidae
Erythrina,Fringillidae
Erythronota,Trochilidae
Erythrothlypis,Thraupidae
Euaegotheles,Aegothelidae
Eugenia,Trochilidae
Euodice,Estrildidae
Eupoda,Charadriidae
Eurillas,Pycnonotidae
Eustephanus,Trochilidae
Euthyrhynchus,Meliphagidae
Euxenura,Ciconiidae
Falcinellus,Phoeniculidae
Falcipennis,Phasianidae
Finschia,Acanthizidae
Florida,Ardeidae
Fregilupus,Sturnidae
Fuligula,Anatidae
Fulvetta,Sylviidae
Gabianus,Laridae
Gactornis,Caprimulgidae
Garritornis,Pomatostomidae
Gavicalis,Meliphagidae
Gelochelidon,Laridae
Geobates,Furnariidae
Geobiastes,Brachypteraciidae
Geokichla,Turdidae
Geopsittacus,Psittacidae
Gisella,Strigidae
Glaucionetta,Anatidae
Gliciphila,Meliphagidae
Glycifohia,Meliphagidae
Glyciphila,Meliphagidae
Gouldia,Trochilidae
Gracupica,Sturnidae
Griseotyrannus,Tyrannidae
Guiraca,Cardinalidae
Gymnasio,Strigidae
Gymnoris,Passeridae
Gymnoscops,Strigidae
Gymnostinops,Icteridae
Gypopsitta,Psittacidae
Habropteryx,Rallidae
Haematops,Meliphagidae
Haemophila,Emberizidae
Haemorhous,Fringillidae
Harpiprion,Threskiornithidae
Hartertula,Bernieridae
Hartlaubius,Sturnidae
Hedydipna,Nectariniidae
Helianthea,Trochilidae
Heliodilus,Tytonidae
Heliotrypha,Trochilidae
Helminthophaga,Parulidae
Helminthophila,Parulidae
Helmithophila,Parulidae
Hemerodromus,Glareolidae
Hemistephania,Trochilidae
Hemithylaca,Trochilidae
Hesperiphona,Fringillidae
Heteralocha,Callaeatidae
Heteroscops,Strigidae
Heterospizias,Accipitridae
Heteroxenicus,Muscicapidae
Heteroxolmis,Tyrannidae
Hoploxypterus,Charadriidae
Horizocerus,Bucerotidae
Horornis,Cettiidae
Huhua,Strigidae
Hydranassa,Ardeidae
Hydrochrous,Apodidae
Hydrocoloeus,Laridae
Hydroprogne,Laridae
Hyetornis,Cuculidae
Hylopsar,Sturnidae
Hypocharmosyna,Psittacidae
Hypopicus,Picidae
Hypuroptila,Trochilidae
Iache,Trochilidae
Ibis,Ciconiidae
Ichthyaetus,Laridae
Icthyophaga,Accipitridae
Iduna,Acrocephalidae
Iolaema,Trochilidae
Iridoprocne,Hirundinidae
Irrisor,Phoeniculidae
Isleria,Thamnophilidae
Ispida,Alcedinidae
Ispidina,Alcedinidae
Ixoreus,Turdidae
Iyngipicus,Picidae
Juliamyia,Trochilidae
Kozlowia,Fringillidae
Lacustroica,Meliphagidae
Lampraster,Trochilidae
Lampropygia,Trochilidae
Laticilla,Pellorneidae
Leiopicus,Picidae
Leiothlypis,Parulidae
Lempijius,Strigidae
Lemuresthes,Estrildidae
Lepidogrammus,Cuculidae
Leptocoma,Nectariniidae
Leptophaethon,Phaethontidae
Leptornis,Meliphagidae
Leptotrygon,Columbidae
Leucocarbo,Phalacrocoracidae
Leucolia,Trochilidae
Leuconerpes,Picidae
Leuconotopicus,Picidae
Leucuria,Trochilidae
Limnocorax,Rallidae
Linaria,Fringillidae
Lioparus,Sylviidae
Lissotis,Otididae
Lobipes,Scolopacidae
Lobotos,Campephagidae
Lophoceros,Bucerotidae
Lophophanes,Paridae
Lophortyx,Odontophoridae
Lophotis,Otididae
Lunda,Alcidae
Lyncornis,Caprimulgidae
Lyrurus,Phasianidae
Lysurus,Emberizidae
Macgillivrayornis,Meliphagidae
Macronus,Timaliidae
Macropteryx,Apodidae
Magumma,Fringillidae
Manucerthia,Fringillidae
Mareca,Anatidae
Margarobyas,Strigidae
Mascarenotus,Strigidae
Mascarinus,Psittacidae
Melanorectes,Pachycephalidae
Melanotrochilus,Trochilidae
Meliarchus,Meliphagidae
Melionyx,Meliphagidae
Meliornis,Meliphagidae
Meliphacator,Meliphagidae
Melirrhophetes,Meliphagidae
Melittophagus,Meropidae
Meropiscus,Meropidae
Mesites,Mesitornithidae
Mesoenas,Mesitornithidae
Mesopicus,Picidae
Micralcyone,Alcedinidae
Microcarbo,Phalacrocoracidae
Microgoura,Columbidae
Micronisus,Accipitridae
Micropalama,Scolopacidae
Micropallas,Strigidae
Micropanyptila,Apodidae
Micropternus,Picidae
Microptilotis,Meliphagidae
Micropus,Apodidae
Microsiphonorhis,Caprimulgidae
Mimodes,Mimidae
Moho,Mohoidae
Monachalcyon,Alcedinidae
Moupinia,Sylviidae
Muscivora,Tyrannidae
Myioceyx,Alcedinidae
Myiophonus,Muscicapidae
Myiothlypis,Parulidae
Myospiza,Emberizidae
Myzantha,Meliphagidae
Nannochordeiles,Caprimulgidae
Nannus,Troglodytidae
Necropsar,Sturnidae
Neohierax,Falconidae
Neosuthora,Sylviidae
Nephoecetes,Apodidae
Nesochen,Anatidae
Nesomimus,Mimidae
Nesophlox,Trochilidae
Nesophylax,Rallidae
Nesoptilotis,Meliphagidae
Noctua,Strigidae
Nomonix,Anatidae
Notafrapus,Apodidae
Notopholia,Sturnidae
Notornis,Rallidae
Nuttallornis,Tyrannidae
Nyctala,Strigidae
Nyctale,Strigidae
Nyctalops,Strigidae
Nyctea,Strigidae
Nycticryphes,Rostratulidae
Nyctipolus,Caprimulgidae
Nystactes,Bucconidae
Odontospiza,Estrildidae
Oestrelata,Procellariidae
Olor,Anatidae
Onychoprion,Laridae
Onychostruthus,Passeridae
Ophrysia,Phasianidae
Opopsitta,Psittacidae
Oreopeleia,Columbidae
Oreopelia,Columbidae
Oreophilais,Cisticolidae
Oreopyra,Trochilidae
Oreothlypis,Parulidae
Ornismia,Trochilidae
Ornismya,Trochilidae
Ornismyia,Trochilidae
Ornorectes,Oreoicidae
Oroaetus,Accipitridae
Ortalida,Cracidae
Ortholophus,Bucerotidae
Orthorhynchus,Trochilidae
Osmotreron,Columbidae
Otophanes,Caprimulgidae
Otothrix,Podargidae
Oxylophus,Cuculidae
Oxynotus,Campephagidae
Pachyphantes,Ploceidae
Paludipasser,Estrildidae
Palumbus,Columbidae
Pampa,Trochilidae
Pampusana,Columbidae
Panychlora,Trochilidae
Paphosia,Trochilidae
Paraclaravis,Columbidae
Pardipicus,Picidae
Parkesia,Parulidae
Passerherbulus,Emberizidae
Pastor,Sturnidae
Pedioecetes,Phasianidae
Pelicanus,Pelecanidae
Peliperdix,Phasianidae
Peltohyas,Charadriidae
Peneoenanthe,Petroicidae
Penguinus,Alcidae
Pentholaea,Muscicapidae
Percnohierax,Accipitridae
Periparus,Paridae
Peristera,Columbidae
Petasophora,Trochilidae
Peucaea,Emberizidae
Pezophaps,Columbidae
Phaeolaema,Trochilidae
Phaeoprogne,Hirundinidae
Phaeoptila,Trochilidae
Phaeornis,Turdidae
Phaiolaima,Trochilidae
Phalaenopsis,Strigidae
Phasmoptynx,Strigidae
Pheugopedius,Troglodytidae
Philacte,Anatidae
Philedon,Meliphagidae
Philodice,Trochilidae
Philohela,Scolopacidae
Philohydor,Tyrannidae
Philothrus,Meropidae
Phlogothraupis,Thraupidae
Phonygammus,Paradisaeidae
Phyllaemulor,Nyctibiidae
Phyllergates,Cettiidae
Piezorina,Thraupidae
Pinarochroa,Muscicapidae
Pinguinus,Alcidae
Pisorhina,Strigidae
Pitylus,Cardinalidae
Platycichla,Turdidae
Platypsaris,Cotingidae
Platypus,Anatidae
Plectrophanes,Calcariidae
Podicephorus,Podicipedidae
Poecile,Paridae
Poliolimnas,Rallidae
Poliospiza,Fringillidae
Polyborus,Falconidae
Polyerata,Trochilidae
Polyplancta,Trochilidae
Poospizopsis,Thraupidae
Popelairia,Trochilidae
Porphyriops,Rallidae
Porphyriornis,Rallidae
Porphyrula,Rallidae
Prionirhynchus,Momotidae
Prionites,Momotidae
Procarduelis,Fringillidae
Proctopus,Podicipedidae
Psalidoprymna,Trochilidae
Pseudacanthis,Fringillidae
Pseudalethe,Turdidae
Pseudocossyphus,Muscicapidae
Pseudodacnis,Thraupidae
Pseudoptynx,Strigidae
Pseudorectes,Pachycephalidae
Psilorhinus,Corvidae
Psiloscops,Strigidae
Psittiparus,Sylviidae
Pternistis,Phasianidae
Pterocnemia,Rheidae
Pteroicnemia,Rheidae
Ptiliogonys,Ptilogonatidae
Ptilolaemus,Bucerotidae
Ptilotis,Meliphagidae
Ptilotula,Meliphagidae
Ptyonoprogne,Hirundinidae
Purnella,Meliphagidae
Pyranga,Cardinalidae
Pyrgilauda,Passeridae
Pyronites,Momotidae
Pyrotrogon,Trogonidae
Pyrrhuloxia,Cardinalidae
Pyrroglaux,Strigidae
Pytilus,Cardinalidae
Rallicula,Rallidae
Ramphalcyon,Alcedinidae
Ramphocoris,Alaudidae
Raphus,Columbidae
Rectes,Pachycephalidae
Reinarda,Apodidae
Rhabdotorrhinus,Bucerotidae
Rhamphocharis,Melanocharitidae
Rhinoptynx,Strigidae
Rhinortha,Cuculidae
Rhodacanthis,Fringillidae
Rhodonessa,Anatidae
Rhodospiza,Fringillidae
Rhopias,Thamnophilidae
Rhopodytes,Cuculidae
Rhyncaceros,Bucerotidae
Rhynchophanes,Calcariidae
Rhynchospiza,Emberizidae
Rhyticeros,Bucerotidae
Riccordia,Trochilidae
Ridgwayia,Turdidae
Rupornis,Accipitridae
Salangana,Apodidae
Sapheopipo,Picidae
Sapphironia,Trochilidae
Sarcophanops,Eurylaimidae
Saucerottia,Trochilidae
Sauromarptis,Alcedinidae
Sauropatis,Alcedinidae
Saurothera,Cuculidae
Scaeophaethon,Phaethontidae
Scaphidura,Icteridae
Scardafella,Columbidae
Sceloglaux,Strigidae
Scepomycter,Cisticolidae
Schistolais,Cisticolidae
Scleroptila,Phasianidae
Scops,Strigidae
Scoptelus,Phoeniculidae
Scotornis,Caprimulgidae
Semeiophorus,Caprimulgidae
Sericotes,Trochilidae
Setochalcis,Caprimulgidae
Setopagis,Caprimulgidae
Silvicultrix,Tyrannidae
Sinosuthora,Sylviidae
Smithiglaux,Strigidae
Spathura,Trochilidae
Speotyto,Strigidae
Spermophila,Thraupidae
Spiloglaux,Strigidae
Spilopelia,Columbidae
Spinus,Fringillidae
Spizastur,Accipitridae
Spizelloides,Emberizidae
Spodiopsar,Sturnidae
Sporadinus,Trochilidae
Stachyridopsis,Timaliidae
Steganurus,Trochilidae
Stelgidillas,Pycnonotidae
Stenopsis,Caprimulgidae
Sternula,Laridae
Sterrhoptilus,Zosteropidae
Stigmatops,Meliphagidae
Stomiopera,Meliphagidae
Stryx,Strigidae
Sturnia,Sturnidae
Sturnornis,Sturnidae
Sugomel,Meliphagidae
Suthora,Sylviidae
Symposiachrus,Monarchidae
Synoicus,Phasianidae
Syrnium,Strigidae
Systellura,Caprimulgidae
Taccocua,Cuculidae
Talaphorus,Trochilidae
Tanagra,Cardinalidae
Tangavius,Icteridae
Tatare,Meliphagidae
Telespyza,Fringillidae
Telmatodytes,Troglodytidae
Temnotrogon,Trogonidae
Territornis,Meliphagidae
Tetrastes,Phasianidae
Thalasseus,Laridae
Thalucrania,Trochilidae
Thamnolaea,Muscicapidae
Thapsinillas,Pycnonotidae
Thaumantias,Trochilidae
Thaumasius,Trochilidae
Thaumatias,Trochilidae
Thryophilus,Troglodytidae
Todirhamphus,Alcedinidae
Trachylaemus,Lybiidae
Tribonyx,Rallidae
Tricholimnas,Rallidae
Trochalopteron,Leiothrichidae
Troctes,Trogonidae
Trogonurus,Trogonidae
Tropidorhynchus,Meliphagidae
Turnagra,Ptilonorhynchidae
Ulula,Strigidae
Uranomitra,Trochilidae
Urodynamis,Cuculidae
Urolampra,Trochilidae
Uromyias,Tyrannidae
Urorhipis,Cisticolidae
Veles,Caprimulgidae
Vestipedes,Trochilidae
Viridonia,Fringillidae
Vosea,Meliphagidae
Waldronia,Trochilidae
Warsanglia,Fringillidae
Xanthomixis,Bernieridae
Xenorhynchus,Ciconiidae
Yungipicus,Picidae
Zanclostomus,Cuculidae
Zarhynchus,Icteridae
Zentrygon,Columbidae
Zonibyx,Charadriidae
Zosterornis,Zosteropidae
Pseudopipra,Pipridae
Ardenna,Procellariidae
Asemospiza,Thraupidae
Cassiculus,Icteridae
Castanozoster,Thraupidae
Chenorhamphus,Maluridae
Chrysoena,Columbidae
Erythrogenys,Timaliidae
Hemimacronyx,Motacillidae
Paradisornis,Paradisaeidae
Plesiodryas,Petroicidae
Pogonotriccus,Tyrannidae
Gallirex,Musophagidae
Ephippiospingus,Thraupidae
Celebesica,Campephagidae
Nannococcyx,Cuculidae
Gennaeodryas,Petroicidae
Heterotetrax,Otididae
Dessonornis,Muscicapidae
Chamaetylas,Muscicapidae
Leguatia,Ciconiidae
Nephelomyias,Tyrannidae
Bermuteo,Accipitridae
Megaloprepia,Columbidae
Anumara,Icteridae
Aprositornis,Thamnophilidae
Chalcites,Cuculidae
Cyphos,Bucconidae
Elachura,Elachuridae
Lepidopygia,Estrildidae
Leucogeranus,Gruidae
Poliolophus,Pycnonotidae
Akletos,Thamnophilidae
Leioptila,Leiotrichidae
Machlolophus,Paridae
Myrmelastes,Thamnophilidae
Hypotaenidia,Rallidae
Antigone,Gruidae
Euptilotus,Pycnonotidae
Psittacara,Psittacidae
Islerothraupis,Thraupidae
Kempiella,Petroicidae
Cabalus,Rallidae
Chrysominla,Leiotrichidae
Chatarrhaea,Leiotrichidae
Kittacincla,Muscicapidae
Pseudastur,Accipitridae
Devioeca,Petroicidae
Hierococcyx,Cuculidae
Orochelidon,Hirundinidae
Clanga,Accipitridae
Cnemathraupis,Thraupidae
Cryptomicroeca,Petroicidae
Dyaphorophyia,Platysteiridae
Mentocrex,Rallidae
Poikilocarbo,Phalacrocoracidae
Diaphorapteryx,Rallidae
Euchrepomis,Thamnophilidae
Cercomacroides,Thamnophilidae
Gulosus,Phalacrocoracidae
Lophopsittacus,Psittacidae
Melloria,Artamidae
Morphnarchus,Accipitridae
Edolisoma,Campephagidae
Geocerthia,Furnariidae
Geospizopsis,Thraupidae
Grammatoptila,Leiotrichidae
Mazaria,Furnariidae
Drymotoxeres,Furnariidae
Kleinothraupis,Thraupidae
Leistes,Icteridae
Malindangia,Campephagidae
Laniellus,Leiotrichidae
Larvivora,Muscicapidae
Cyanoderma,Timaliidae
Erythropitta,Pittidae
Poodytes,Locustellidae
Pseudospingus,Thraupidae
Calliope,Muscicapidae
Phedinopsis,Hirundinidae
Dysmoropelia,Columbidae
Mundia,Rallidae
Ammonastes,Thamnophilidae
Certhiasomus,Furnariidae
Eupsittula,Psittacidae
Heteroscenes,Cuculidae
Microspingus,Thraupidae
Microtarsus,Pycnonotidae
Pogonornis,Lybiidae
Pardaliparus,Paridae
Myrmoderus,Thamnophilidae
Myrmophylax,Thamnophilidae
Nannopterum,Phalacrocoracidae
Brachypodius,Pycnonotidae
Oreocossypha,Muscicapidae
Cryptolybia,Lybiidae
Neophedina,Hirundinidae
Pseudosaltator,Thraupidae
Cryptopipo,Pipridae
Maschalethraupis,Thraupidae
Necropsittacus,Psittacidae
Dendroperdix,Phasianidae
Hapalocrex,Rallidae
Microxenops,Furnariidae
Otocichla,Turdidae
Alopecoenas,Columbidae
Aphanapteryx,Rallidae
Corydospiza,Thraupidae
Hylatomus,Picidae
Argya,Leiotrichidae
Ceblepyris,Campephagidae
Chionodacryon,Thraupidae
Cryptoleucopteryx,Accipitridae
Granatina,Estrildidae
Hydrornis,Pittidae
Mixornis,Timaliidae
Ampelornis,Thamnophilidae
Calherodius,Ardeidae
Poliocrania,Thamnophilidae
Acanthoptila,Leiotrichidae
Chrysocorypha,Thraupidae
Goodfellowia,Sturnidae
Phonipara,Thraupidae
Psephotellus,Psittacidae
Pseudasthenes,Furnariidae
Erythromachus,Rallidae
Pholia,Sturnidae
Agricola,Muscicapidae
Alaudala,Alaudidae
Arundinax,Acrocephalidae
Ceratopipra,Pipridae
Criniferoides,Musophagidae
Cyanecula,Muscicapidae
Cyanograucalus,Campephagidae
Hafferia,Thamnophilidae
Megalampitta,Melampittidae
Melaniparus,Paridae
Oneillornis,Thamnophilidae
Pachysylvia,Vireonidae
Pareudiastes,Rallidae
Ptiloxena,Icteridae
Pyrrhulagra,Thraupidae
Quoyornis,Petroicidae
Radjah,Anatidae
Ramphiculus,Columbidae
Rhamphococcyx,Cuculidae
Rhopospina,Thraupidae
Rufirallus,Rallidae
Saundersilarus,Laridae
Schoeniparus,Pellorneidae
Sciaphylax,Thamnophilidae
Sibia,Leiotrichidae
Sibirionetta,Anatidae
Sipia,Thamnophilidae
Sittiparus,Paridae
Siva,Leiotrichidae
Smutsornis,Glareolidae
Spatula,Anatidae
Spermestes,Estrildidae
Sphenopsis,Thraupidae
Spodiornis,Thraupidae
Sporathraupis,Thraupidae
Tephrophilus,Thraupidae
Traversia,Acanthisittidae
Tunchiornis,Vireonidae
Tychaedon,Muscicapidae
Urile,Phalacrocoracidae
Vauriella,Muscicapidae
Verreauxia,Picidae
Zanda,Cacatuidae
Zapornia,Rallidae
